GROUP,PACKAGE,CLASS,INSTRUCTION_MISSED,INSTRUCTION_COVERED,BRANCH_MISSED,BRANCH_COVERED,LINE_MISSED,LINE_COVERED,COMPLEXITY_MISSED,COMPLEXITY_COVERED,METHOD_MISSED,METHOD_COVERED
knygnesys-app,lt.prifkodas.knygnesys.recommendation.service,RecommendationsService,115,0,10,0,31,0,8,0,3,0
knygnesys-app,lt.prifkodas.knygnesys,KnygnesysApplication,12,0,0,0,5,0,3,0,3,0
knygnesys-app,lt.prifkodas.knygnesys.progress,ReadingProgress,4,12,0,0,2,5,1,1,1,1
knygnesys-app,lt.prifkodas.knygnesys.auth.controller,AuthController,40,0,0,0,9,0,3,0,3,0
knygnesys-app,lt.prifkodas.knygnesys.auth.service,AuthService,5,85,0,4,0,21,1,5,1,3
knygnesys-app,lt.prifkodas.knygnesys.goal.controller,GoalController,21,0,0,0,3,0,3,0,3,0
knygnesys-app,lt.prifkodas.knygnesys.user.controller,UserController,23,0,2,0,4,0,2,0,1,0
knygnesys-app,lt.prifkodas.knygnesys.stats.service,StatsService,214,748,52,68,38,144,42,44,0,20
knygnesys-app,lt.prifkodas.knygnesys.readinglist.service,LibraryService,398,0,30,0,82,0,29,0,14,0
knygnesys-app,lt.prifkodas.knygnesys.readinglist,ReadingList,4,0,0,0,2,0,1,0,1,0
knygnesys-app,lt.prifkodas.knygnesys.stats.controller,StatsController,28,0,0,0,3,0,3,0,3,0
knygnesys-app,lt.prifkodas.knygnesys.recommendation.controller,RecommendationsController,6,0,0,0,1,0,1,0,1,0
knygnesys-app,lt.prifkodas.knygnesys.shared.exception,GlobalExceptionHandler,15,0,0,0,3,0,3,0,3,0
knygnesys-app,lt.prifkodas.knygnesys.shared.exception,ResourceNotFoundException,0,4,0,0,0,2,0,1,0,1
knygnesys-app,lt.prifkodas.knygnesys.readinglist.controller,LibraryController,85,0,0,0,16,0,7,0,7,0
knygnesys-app,lt.prifkodas.knygnesys.user,User,4,0,0,0,2,0,1,0,1,0
knygnesys-app,lt.prifkodas.knygnesys.shared.config,OpenApiConfig,17,0,0,0,6,0,2,0,2,0
knygnesys-app,lt.prifkodas.knygnesys.shared.config,CorsConfig,30,0,0,0,9,0,2,0,2,0
knygnesys-app,lt.prifkodas.knygnesys.shared.config,UserDetailsServiceImpl,24,0,0,0,6,0,2,0,2,0
knygnesys-app,lt.prifkodas.knygnesys.shared.config,SecurityConfig,76,0,0,0,15,0,9,0,9,0
knygnesys-app,lt.prifkodas.knygnesys.user.service,UserService,0,40,0,0,0,6,0,6,0,6
knygnesys-app,lt.prifkodas.knygnesys.goal.service,EmailService,29,0,0,0,8,0,2,0,2,0
knygnesys-app,lt.prifkodas.knygnesys.goal.service,GoalService,178,0,4,0,28,0,9,0,7,0
knygnesys-app,lt.prifkodas.knygnesys.goal.service,InactivitySchedulerService,74,0,2,0,16,0,3,0,2,0
