file,class,type,cbo,cboModified,fanin,fanout,wmc,dit,noc,rfc,lcom,lcom*,tcc,lcc,totalMethodsQty,staticMethodsQty,publicMethodsQty,privateMethodsQty,protectedMethodsQty,defaultMethodsQty,visibleMethodsQty,abstractMethodsQty,finalMethodsQty,synchronizedMethodsQty,totalFieldsQty,staticFieldsQty,publicFieldsQty,privateFieldsQty,protectedFieldsQty,defaultFieldsQty,finalFieldsQty,synchronizedFieldsQty,nosi,loc,returnQty,loopQty,comparisonsQty,tryCatchQty,parenthesizedExpsQty,stringLiteralsQty,numbersQty,assignmentsQty,mathOperationsQty,variablesQty,maxNestedBlocksQty,anonymousClassesQty,innerClassesQty,lambdasQty,uniqueWordsQty,modifiers,logStatementsQty
C:\Users\edvar\Desktop\Naujas aplankas (4)\Knygnesysxd\kokybes-analize\..\knygnesys-app\src\main\java\lt\prifkodas\knygnesys\stats\controller\StatsApi.java,lt.prifkodas.knygnesys.stats.controller.StatsApi,interface,13,14,1,13,3,1,0,0,3,0.0,0.0,0.0,3,0,0,0,0,3,3,0,0,0,0,0,0,0,0,0,0,0,0,5,0,0,0,0,0,22,0,0,0,0,0,0,0,0,25,1,0
C:\Users\edvar\Desktop\Naujas aplankas (4)\Knygnesysxd\kokybes-analize\..\knygnesys-app\src\main\java\lt\prifkodas\knygnesys\goal\controller\GoalApi.java,lt.prifkodas.knygnesys.goal.controller.GoalApi,interface,14,15,1,14,3,1,0,0,3,0.0,0.0,0.0,3,0,0,0,0,3,3,0,0,0,0,0,0,0,0,0,0,0,0,5,0,0,0,0,0,23,0,0,0,0,0,0,0,0,23,1,0
C:\Users\edvar\Desktop\Naujas aplankas (4)\Knygnesysxd\kokybes-analize\..\knygnesys-app\src\main\java\lt\prifkodas\knygnesys\recommendation\service\RecommendationsService.java,lt.prifkodas.knygnesys.recommendation.service.RecommendationsService,class,5,6,1,5,7,1,0,25,1,0.5,NaN,NaN,2,0,1,1,0,0,1,0,0,0,1,0,0,1,0,0,1,0,3,23,3,0,4,0,0,9,3,8,1,6,1,0,0,0,28,1,0
C:\Users\edvar\Desktop\Naujas aplankas (4)\Knygnesysxd\kokybes-analize\..\knygnesys-app\src\main\java\lt\prifkodas\knygnesys\readinglist\dto\AddBookRequest.java,lt.prifkodas.knygnesys.readinglist.dto.AddBookRequest,class,3,6,3,3,0,1,0,0,0,NaN,-1.0,-1.0,0,0,0,0,0,0,0,0,0,0,7,0,0,7,0,0,0,0,0,9,0,0,0,0,0,0,0,0,0,7,0,0,0,0,14,1,0
C:\Users\edvar\Desktop\Naujas aplankas (4)\Knygnesysxd\kokybes-analize\..\knygnesys-app\src\main\java\lt\prifkodas\knygnesys\KnygnesysApplication.java,lt.prifkodas.knygnesys.KnygnesysApplication,class,4,5,1,4,2,1,0,3,0,0.0,0.0,0.0,1,1,1,0,0,0,2,0,0,0,0,0,0,0,0,0,0,0,2,8,0,0,0,0,0,1,0,0,0,0,0,0,0,0,4,1,0
C:\Users\edvar\Desktop\Naujas aplankas (4)\Knygnesysxd\kokybes-analize\..\knygnesys-app\src\main\java\lt\prifkodas\knygnesys\recommendation\controller\RecommendationsController.java,lt.prifkodas.knygnesys.recommendation.controller.RecommendationsController,class,8,8,0,8,1,1,0,2,0,0.0,NaN,NaN,1,0,1,0,0,0,1,0,0,0,1,0,0,1,0,0,1,0,0,6,1,0,0,0,0,3,0,0,0,1,0,0,0,0,10,1,0
C:\Users\edvar\Desktop\Naujas aplankas (4)\Knygnesysxd\kokybes-analize\..\knygnesys-app\src\main\java\lt\prifkodas\knygnesys\user\User.java,lt.prifkodas.knygnesys.user.User,class,7,18,11,7,1,1,0,1,0,0.8333333,NaN,NaN,1,0,0,0,1,0,1,0,0,0,6,0,0,6,0,0,0,0,1,11,0,0,0,0,0,3,1,2,0,6,0,0,0,0,21,1,0
C:\Users\edvar\Desktop\Naujas aplankas (4)\Knygnesysxd\kokybes-analize\..\knygnesys-app\src\main\java\lt\prifkodas\knygnesys\stats\dto\PagesDayDataPoint.java,lt.prifkodas.knygnesys.stats.dto.PagesDayDataPoint,class,3,6,3,3,0,1,0,0,0,NaN,-1.0,-1.0,0,0,0,0,0,0,0,0,0,0,2,0,0,2,0,0,0,0,0,4,0,0,0,0,0,0,0,0,0,2,0,0,0,0,7,1,0
C:\Users\edvar\Desktop\Naujas aplankas (4)\Knygnesysxd\kokybes-analize\..\knygnesys-app\src\main\java\lt\prifkodas\knygnesys\stats\dto\GenreDataPoint.java,lt.prifkodas.knygnesys.stats.dto.GenreDataPoint,class,3,6,3,3,0,1,0,0,0,NaN,-1.0,-1.0,0,0,0,0,0,0,0,0,0,0,2,0,0,2,0,0,0,0,0,4,0,0,0,0,0,0,0,0,0,2,0,0,0,0,5,1,0
C:\Users\edvar\Desktop\Naujas aplankas (4)\Knygnesysxd\kokybes-analize\..\knygnesys-app\src\main\java\lt\prifkodas\knygnesys\shared\config\SecurityConfig.java,lt.prifkodas.knygnesys.shared.config.SecurityConfig,class,9,9,0,9,3,1,0,17,3,0.0,0.0,0.0,3,0,3,0,0,0,3,0,0,0,0,0,0,0,0,0,0,0,0,12,3,0,0,0,0,6,1,0,0,8,0,0,0,6,26,1,0
C:\Users\edvar\Desktop\Naujas aplankas (4)\Knygnesysxd\kokybes-analize\..\knygnesys-app\src\main\java\lt\prifkodas\knygnesys\stats\dto\StatsDataPoint.java,lt.prifkodas.knygnesys.stats.dto.StatsDataPoint,class,3,5,2,3,0,1,0,0,0,NaN,-1.0,-1.0,0,0,0,0,0,0,0,0,0,0,3,0,0,3,0,0,0,0,0,5,0,0,0,0,0,0,0,0,0,3,0,0,0,0,7,1,0
C:\Users\edvar\Desktop\Naujas aplankas (4)\Knygnesysxd\kokybes-analize\..\knygnesys-app\src\main\java\lt\prifkodas\knygnesys\shared\exception\GlobalExceptionHandler.java,lt.prifkodas.knygnesys.shared.exception.GlobalExceptionHandler,class,4,4,0,4,2,1,0,3,1,0.0,0.0,0.0,2,0,2,0,0,0,2,0,0,0,0,0,0,0,0,0,0,0,0,8,2,0,0,0,0,0,0,0,0,0,0,0,0,0,12,1,0
C:\Users\edvar\Desktop\Naujas aplankas (4)\Knygnesysxd\kokybes-analize\..\knygnesys-app\src\main\java\lt\prifkodas\knygnesys\shared\config\OpenApiConfig.java,lt.prifkodas.knygnesys.shared.config.OpenApiConfig,class,4,4,0,4,1,1,0,4,0,0.0,NaN,NaN,1,0,1,0,0,0,1,0,0,0,0,0,0,0,0,0,0,0,0,5,1,0,0,0,0,3,0,0,0,0,0,0,0,0,11,1,0
C:\Users\edvar\Desktop\Naujas aplankas (4)\Knygnesysxd\kokybes-analize\..\knygnesys-app\src\main\java\lt\prifkodas\knygnesys\shared\exception\ResourceNotFoundException.java,lt.prifkodas.knygnesys.shared.exception.ResourceNotFoundException,class,0,3,3,0,1,4,0,0,0,0.0,NaN,NaN,1,0,1,0,0,0,1,0,0,0,0,0,0,0,0,0,0,0,0,5,0,0,0,0,0,0,0,0,0,0,0,0,0,0,6,1,0
C:\Users\edvar\Desktop\Naujas aplankas (4)\Knygnesysxd\kokybes-analize\..\knygnesys-app\src\main\java\lt\prifkodas\knygnesys\goal\dto\GoalResponse.java,lt.prifkodas.knygnesys.goal.dto.GoalResponse,class,3,6,3,3,0,1,0,0,0,NaN,-1.0,-1.0,0,0,0,0,0,0,0,0,0,0,3,0,0,3,0,0,0,0,0,5,0,0,0,0,0,0,0,0,0,3,0,0,0,0,9,1,0
C:\Users\edvar\Desktop\Naujas aplankas (4)\Knygnesysxd\kokybes-analize\..\knygnesys-app\src\main\java\lt\prifkodas\knygnesys\stats\service\StatsService.java,lt.prifkodas.knygnesys.stats.service.StatsService,class,14,16,2,14,62,1,0,91,37,0.8181818,0.0,0.0,11,0,3,8,0,0,3,0,0,0,6,3,0,6,0,0,6,0,16,208,12,14,17,0,2,21,48,73,7,75,3,0,0,8,110,1,0
C:\Users\edvar\Desktop\Naujas aplankas (4)\Knygnesysxd\kokybes-analize\..\knygnesys-app\src\main\java\lt\prifkodas\knygnesys\recommendation\dto\OpenLibraryBookDoc.java,lt.prifkodas.knygnesys.recommendation.dto.OpenLibraryBookDoc,class,2,4,2,2,0,1,0,0,0,NaN,-1.0,-1.0,0,0,0,0,0,0,0,0,0,0,4,0,0,4,0,0,0,0,0,6,0,0,0,0,0,2,0,0,0,4,0,0,0,0,11,1,0
C:\Users\edvar\Desktop\Naujas aplankas (4)\Knygnesysxd\kokybes-analize\..\knygnesys-app\src\main\java\lt\prifkodas\knygnesys\auth\service\AuthService.java,lt.prifkodas.knygnesys.auth.service.AuthService,class,12,13,1,12,5,1,0,19,0,0.33333334,0.0,0.0,3,0,3,0,0,0,3,0,0,0,3,0,0,3,0,0,3,0,0,30,2,0,0,0,0,3,0,3,0,6,1,0,0,1,34,1,0
C:\Users\edvar\Desktop\Naujas aplankas (4)\Knygnesysxd\kokybes-analize\..\knygnesys-app\src\main\java\lt\prifkodas\knygnesys\progress\repository\ReadingProgressRepository.java,lt.prifkodas.knygnesys.progress.repository.ReadingProgressRepository,interface,2,4,2,2,1,1,0,0,0,0.0,NaN,NaN,1,0,0,0,0,1,1,0,0,0,0,0,0,0,0,0,0,0,0,3,0,0,0,0,0,0,0,0,0,0,0,0,0,0,16,1,0
C:\Users\edvar\Desktop\Naujas aplankas (4)\Knygnesysxd\kokybes-analize\..\knygnesys-app\src\main\java\lt\prifkodas\knygnesys\shared\config\UserDetailsServiceImpl.java,lt.prifkodas.knygnesys.shared.config.UserDetailsServiceImpl,class,9,9,0,9,1,1,0,5,0,0.0,NaN,NaN,1,0,1,0,0,0,1,0,0,0,1,0,0,1,0,0,1,0,1,7,1,0,0,0,0,1,0,1,1,2,0,0,0,1,13,1,0
C:\Users\edvar\Desktop\Naujas aplankas (4)\Knygnesysxd\kokybes-analize\..\knygnesys-app\src\main\java\lt\prifkodas\knygnesys\auth\dto\RegisterRequest.java,lt.prifkodas.knygnesys.auth.dto.RegisterRequest,class,3,6,3,3,0,1,0,0,0,NaN,-1.0,-1.0,0,0,0,0,0,0,0,0,0,0,3,0,0,3,0,0,0,0,0,5,0,0,0,0,0,0,0,0,0,3,0,0,0,0,5,1,0
C:\Users\edvar\Desktop\Naujas aplankas (4)\Knygnesysxd\kokybes-analize\..\knygnesys-app\src\main\java\lt\prifkodas\knygnesys\book\repository\BookRepository.java,lt.prifkodas.knygnesys.book.repository.BookRepository,interface,2,3,1,2,1,1,0,0,0,0.0,NaN,NaN,1,0,0,0,0,1,1,0,0,0,0,0,0,0,0,0,0,0,0,3,0,0,0,0,0,0,0,0,0,0,0,0,0,0,7,1,0
C:\Users\edvar\Desktop\Naujas aplankas (4)\Knygnesysxd\kokybes-analize\..\knygnesys-app\src\main\java\lt\prifkodas\knygnesys\readinglist\dto\LibraryBookDto.java,lt.prifkodas.knygnesys.readinglist.dto.LibraryBookDto,class,3,6,3,3,0,1,0,0,0,NaN,-1.0,-1.0,0,0,0,0,0,0,0,0,0,0,11,0,0,11,0,0,0,0,0,13,0,0,0,0,0,0,0,0,0,11,0,0,0,0,22,1,0
C:\Users\edvar\Desktop\Naujas aplankas (4)\Knygnesysxd\kokybes-analize\..\knygnesys-app\src\main\java\lt\prifkodas\knygnesys\goal\repository\GoalRepository.java,lt.prifkodas.knygnesys.goal.repository.GoalRepository,interface,4,6,2,4,2,1,0,0,1,0.0,0.0,0.0,2,0,0,0,0,2,2,0,0,0,0,0,0,0,0,0,0,0,0,4,0,0,0,0,0,2,0,0,0,0,0,0,0,0,19,1,0
C:\Users\edvar\Desktop\Naujas aplankas (4)\Knygnesysxd\kokybes-analize\..\knygnesys-app\src\main\java\lt\prifkodas\knygnesys\book\Book.java,lt.prifkodas.knygnesys.book.Book,class,6,9,3,6,0,1,0,0,0,NaN,-1.0,-1.0,0,0,0,0,0,0,0,0,0,0,8,0,0,8,0,0,0,0,0,10,0,0,0,0,0,5,3,0,0,8,0,0,0,0,20,1,0
C:\Users\edvar\Desktop\Naujas aplankas (4)\Knygnesysxd\kokybes-analize\..\knygnesys-app\src\main\java\lt\prifkodas\knygnesys\recommendation\dto\RecommendationDto.java,lt.prifkodas.knygnesys.recommendation.dto.RecommendationDto,class,3,5,2,3,0,1,0,0,0,NaN,-1.0,-1.0,0,0,0,0,0,0,0,0,0,0,4,0,0,4,0,0,0,0,0,6,0,0,0,0,0,0,0,0,0,4,0,0,0,0,8,1,0
C:\Users\edvar\Desktop\Naujas aplankas (4)\Knygnesysxd\kokybes-analize\..\knygnesys-app\src\main\java\lt\prifkodas\knygnesys\stats\dto\StatsResponse.java,lt.prifkodas.knygnesys.stats.dto.StatsResponse,class,5,8,3,5,0,1,0,0,0,NaN,-1.0,-1.0,0,0,0,0,0,0,0,0,0,0,3,0,0,3,0,0,0,0,0,5,0,0,0,0,0,0,0,0,0,3,0,0,0,0,7,1,0
C:\Users\edvar\Desktop\Naujas aplankas (4)\Knygnesysxd\kokybes-analize\..\knygnesys-app\src\main\java\lt\prifkodas\knygnesys\user\service\UserService.java,lt.prifkodas.knygnesys.user.service.UserService,class,5,10,5,5,4,1,0,6,0,0.0,0.0,0.0,4,0,4,0,0,0,4,0,0,0,1,0,0,1,0,0,1,0,0,15,4,0,0,0,0,4,0,0,2,1,0,0,0,2,21,1,0
C:\Users\edvar\Desktop\Naujas aplankas (4)\Knygnesysxd\kokybes-analize\..\knygnesys-app\src\main\java\lt\prifkodas\knygnesys\shared\config\CorsConfig.java,lt.prifkodas.knygnesys.shared.config.CorsConfig,class,5,5,0,5,1,1,0,5,0,0.0,NaN,NaN,1,0,1,0,0,0,1,0,0,0,0,0,0,0,0,0,0,0,0,12,1,0,0,0,0,4,0,2,0,2,0,0,0,0,10,1,0
C:\Users\edvar\Desktop\Naujas aplankas (4)\Knygnesysxd\kokybes-analize\..\knygnesys-app\src\main\java\lt\prifkodas\knygnesys\readinglist\controller\LibraryApi.java,lt.prifkodas.knygnesys.readinglist.controller.LibraryApi,interface,20,21,1,20,7,1,0,0,21,0.0,0.0,0.0,7,0,0,0,0,7,7,0,0,0,0,0,0,0,0,0,0,0,0,9,0,0,0,0,0,54,0,0,0,0,0,0,0,0,44,1,0
C:\Users\edvar\Desktop\Naujas aplankas (4)\Knygnesysxd\kokybes-analize\..\knygnesys-app\src\main\java\lt\prifkodas\knygnesys\readinglist\ReadingList.java,lt.prifkodas.knygnesys.readinglist.ReadingList,class,11,14,3,11,1,1,0,1,0,0.875,NaN,NaN,1,0,0,0,1,0,1,0,0,0,8,0,0,8,0,0,0,0,1,13,0,0,0,0,0,7,2,1,0,8,0,0,0,0,24,1,0
C:\Users\edvar\Desktop\Naujas aplankas (4)\Knygnesysxd\kokybes-analize\..\knygnesys-app\src\main\java\lt\prifkodas\knygnesys\stats\dto\StatsSummary.java,lt.prifkodas.knygnesys.stats.dto.StatsSummary,class,3,5,2,3,0,1,0,0,0,NaN,-1.0,-1.0,0,0,0,0,0,0,0,0,0,0,4,0,0,4,0,0,0,0,0,6,0,0,0,0,0,0,0,0,0,4,0,0,0,0,9,1,0
C:\Users\edvar\Desktop\Naujas aplankas (4)\Knygnesysxd\kokybes-analize\..\knygnesys-app\src\main\java\lt\prifkodas\knygnesys\readinglist\controller\LibraryController.java,lt.prifkodas.knygnesys.readinglist.controller.LibraryController,class,13,13,0,13,7,1,0,18,0,0.0,0.0,0.0,7,0,7,0,0,0,7,0,0,0,1,0,0,1,0,0,1,0,0,32,7,0,0,0,0,3,0,3,0,4,0,0,0,0,37,1,0
C:\Users\edvar\Desktop\Naujas aplankas (4)\Knygnesysxd\kokybes-analize\..\knygnesys-app\src\main\java\lt\prifkodas\knygnesys\stats\controller\StatsController.java,lt.prifkodas.knygnesys.stats.controller.StatsController,class,11,11,0,11,3,1,0,5,0,0.0,0.0,0.0,3,0,3,0,0,0,3,0,0,0,1,0,0,1,0,0,1,0,0,12,3,0,0,0,0,2,0,0,0,1,0,0,0,0,20,1,0
C:\Users\edvar\Desktop\Naujas aplankas (4)\Knygnesysxd\kokybes-analize\..\knygnesys-app\src\main\java\lt\prifkodas\knygnesys\goal\controller\GoalController.java,lt.prifkodas.knygnesys.goal.controller.GoalController,class,9,9,0,9,3,1,0,5,0,0.0,0.0,0.0,3,0,3,0,0,0,3,0,0,0,1,0,0,1,0,0,1,0,0,12,3,0,0,0,0,0,0,0,0,1,0,0,0,0,16,1,0
C:\Users\edvar\Desktop\Naujas aplankas (4)\Knygnesysxd\kokybes-analize\..\knygnesys-app\src\main\java\lt\prifkodas\knygnesys\goal\service\GoalService.java,lt.prifkodas.knygnesys.goal.service.GoalService,class,10,12,2,10,6,1,0,21,0,0.41666666,0.0,0.0,4,0,3,1,0,0,3,0,0,0,3,0,0,3,0,0,3,0,6,39,5,0,1,0,0,1,16,11,3,16,1,0,0,3,38,1,0
C:\Users\edvar\Desktop\Naujas aplankas (4)\Knygnesysxd\kokybes-analize\..\knygnesys-app\src\main\java\lt\prifkodas\knygnesys\readinglist\dto\UpdateProgressRequest.java,lt.prifkodas.knygnesys.readinglist.dto.UpdateProgressRequest,class,3,5,2,3,0,1,0,0,0,NaN,-1.0,-1.0,0,0,0,0,0,0,0,0,0,0,1,0,0,1,0,0,0,0,0,3,0,0,0,0,0,0,0,0,0,1,0,0,0,0,5,1,0
C:\Users\edvar\Desktop\Naujas aplankas (4)\Knygnesysxd\kokybes-analize\..\knygnesys-app\src\main\java\lt\prifkodas\knygnesys\readinglist\repository\ReadingListRepository.java,lt.prifkodas.knygnesys.readinglist.repository.ReadingListRepository,interface,4,7,3,4,6,1,0,0,15,0.0,0.0,0.0,6,0,0,0,0,6,6,0,0,0,0,0,0,0,0,0,0,0,0,8,0,0,0,0,0,8,0,0,0,0,0,0,0,0,42,1,0
C:\Users\edvar\Desktop\Naujas aplankas (4)\Knygnesysxd\kokybes-analize\..\knygnesys-app\src\main\java\lt\prifkodas\knygnesys\recommendation\dto\OpenLibrarySearchResponse.java,lt.prifkodas.knygnesys.recommendation.dto.OpenLibrarySearchResponse,class,2,3,1,2,0,1,0,0,0,NaN,-1.0,-1.0,0,0,0,0,0,0,0,0,0,0,1,0,0,1,0,0,0,0,0,3,0,0,0,0,0,0,0,0,0,1,0,0,0,0,5,1,0
C:\Users\edvar\Desktop\Naujas aplankas (4)\Knygnesysxd\kokybes-analize\..\knygnesys-app\src\main\java\lt\prifkodas\knygnesys\readinglist\service\LibraryService.java,lt.prifkodas.knygnesys.readinglist.service.LibraryService,class,18,20,2,18,23,1,0,53,0,0.575,0.0,0.0,8,0,7,1,0,0,7,0,0,0,5,0,0,5,0,0,4,0,11,86,6,0,11,0,0,12,3,18,1,24,1,0,0,6,55,1,0
C:\Users\edvar\Desktop\Naujas aplankas (4)\Knygnesysxd\kokybes-analize\..\knygnesys-app\src\main\java\lt\prifkodas\knygnesys\goal\dto\SetGoalRequest.java,lt.prifkodas.knygnesys.goal.dto.SetGoalRequest,class,3,6,3,3,0,1,0,0,0,NaN,-1.0,-1.0,0,0,0,0,0,0,0,0,0,0,1,0,0,1,0,0,0,0,0,3,0,0,0,0,0,0,0,0,0,1,0,0,0,0,6,1,0
C:\Users\edvar\Desktop\Naujas aplankas (4)\Knygnesysxd\kokybes-analize\..\knygnesys-app\src\main\java\lt\prifkodas\knygnesys\auth\controller\AuthController.java,lt.prifkodas.knygnesys.auth.controller.AuthController,class,9,9,0,9,3,1,0,11,0,0.0,0.0,0.0,3,0,3,0,0,0,3,0,0,0,1,0,0,1,0,0,1,0,0,15,3,0,0,0,0,0,0,2,0,3,0,0,0,0,15,1,0
C:\Users\edvar\Desktop\Naujas aplankas (4)\Knygnesysxd\kokybes-analize\..\knygnesys-app\src\main\java\lt\prifkodas\knygnesys\auth\dto\AuthResponse.java,lt.prifkodas.knygnesys.auth.dto.AuthResponse,class,3,7,4,3,0,1,0,0,0,NaN,-1.0,-1.0,0,0,0,0,0,0,0,0,0,0,3,0,0,3,0,0,0,0,0,5,0,0,0,0,0,0,0,0,0,3,0,0,0,0,6,1,0
C:\Users\edvar\Desktop\Naujas aplankas (4)\Knygnesysxd\kokybes-analize\..\knygnesys-app\src\main\java\lt\prifkodas\knygnesys\auth\dto\LoginRequest.java,lt.prifkodas.knygnesys.auth.dto.LoginRequest,class,3,6,3,3,0,1,0,0,0,NaN,-1.0,-1.0,0,0,0,0,0,0,0,0,0,0,2,0,0,0,0,2,0,0,0,4,0,0,0,0,0,0,0,0,0,2,0,0,0,0,4,1,0
C:\Users\edvar\Desktop\Naujas aplankas (4)\Knygnesysxd\kokybes-analize\..\knygnesys-app\src\main\java\lt\prifkodas\knygnesys\auth\controller\AuthApi.java,lt.prifkodas.knygnesys.auth.controller.AuthApi,interface,11,12,1,11,3,1,0,0,3,0.0,0.0,0.0,3,0,0,0,0,3,3,0,0,0,0,0,0,0,0,0,0,0,0,5,0,0,0,0,0,24,0,0,0,0,0,0,0,0,24,1,0
C:\Users\edvar\Desktop\Naujas aplankas (4)\Knygnesysxd\kokybes-analize\..\knygnesys-app\src\main\java\lt\prifkodas\knygnesys\goal\service\InactivitySchedulerService.java,lt.prifkodas.knygnesys.goal.service.InactivitySchedulerService,class,9,9,0,9,3,1,0,17,0,0.0,NaN,NaN,1,0,1,0,0,0,1,0,0,0,3,0,0,3,0,0,3,0,3,23,0,1,0,1,0,4,1,4,0,7,2,0,0,0,28,1,3
C:\Users\edvar\Desktop\Naujas aplankas (4)\Knygnesysxd\kokybes-analize\..\knygnesys-app\src\main\java\lt\prifkodas\knygnesys\goal\Goal.java,lt.prifkodas.knygnesys.goal.Goal,class,6,9,3,6,0,1,0,0,0,NaN,-1.0,-1.0,0,0,0,0,0,0,0,0,0,0,5,0,0,5,0,0,0,0,0,7,0,0,0,0,0,4,0,0,0,5,0,0,0,0,18,1,0
C:\Users\edvar\Desktop\Naujas aplankas (4)\Knygnesysxd\kokybes-analize\..\knygnesys-app\src\main\java\lt\prifkodas\knygnesys\user\controller\UserController.java,lt.prifkodas.knygnesys.user.controller.UserController,class,9,9,0,9,2,1,0,7,0,0.0,NaN,NaN,1,0,1,0,0,0,1,0,0,0,1,0,0,1,0,0,1,0,0,10,2,0,1,0,0,0,1,1,0,2,1,0,0,0,11,1,0
C:\Users\edvar\Desktop\Naujas aplankas (4)\Knygnesysxd\kokybes-analize\..\knygnesys-app\src\main\java\lt\prifkodas\knygnesys\progress\ReadingProgress.java,lt.prifkodas.knygnesys.progress.ReadingProgress,class,8,11,3,8,2,1,0,1,1,0.6,0.0,0.0,2,0,1,0,1,0,2,0,0,0,5,0,0,5,0,0,0,0,1,15,0,0,0,0,0,5,0,4,0,5,0,0,0,0,19,1,0
C:\Users\edvar\Desktop\Naujas aplankas (4)\Knygnesysxd\kokybes-analize\..\knygnesys-app\src\main\java\lt\prifkodas\knygnesys\user\controller\UserApi.java,lt.prifkodas.knygnesys.user.controller.UserApi,interface,10,11,1,10,1,1,0,0,0,0.0,NaN,NaN,1,0,0,0,0,1,1,0,0,0,0,0,0,0,0,0,0,0,0,3,0,0,0,0,0,10,0,0,0,0,0,0,0,0,14,1,0
C:\Users\edvar\Desktop\Naujas aplankas (4)\Knygnesysxd\kokybes-analize\..\knygnesys-app\src\main\java\lt\prifkodas\knygnesys\goal\service\EmailService.java,lt.prifkodas.knygnesys.goal.service.EmailService,class,5,7,2,5,2,1,0,6,1,0.5,NaN,NaN,2,0,1,1,0,0,1,0,0,0,1,0,0,1,0,0,1,0,0,13,1,0,0,0,0,1,0,1,0,2,0,0,0,0,18,1,0
C:\Users\edvar\Desktop\Naujas aplankas (4)\Knygnesysxd\kokybes-analize\..\knygnesys-app\src\main\java\lt\prifkodas\knygnesys\user\repository\UserRepository.java,lt.prifkodas.knygnesys.user.repository.UserRepository,interface,3,6,3,3,5,1,0,0,10,0.0,0.0,0.0,5,0,0,0,0,5,5,0,0,0,0,0,0,0,0,0,0,0,0,7,0,0,0,0,0,0,0,0,0,0,0,0,0,0,13,1,0
