file,class,method,constructor,line,cbo,cboModified,fanin,fanout,wmc,rfc,loc,returnsQty,variablesQty,parametersQty,methodsInvokedQty,methodsInvokedLocalQty,methodsInvokedIndirectLocalQty,loopQty,comparisonsQty,tryCatchQty,parenthesizedExpsQty,stringLiteralsQty,numbersQty,assignmentsQty,mathOperationsQty,maxNestedBlocksQty,anonymousClassesQty,innerClassesQty,lambdasQty,uniqueWordsQty,modifiers,logStatementsQty,hasJavaDoc
C:\Users\edvar\Desktop\Naujas aplankas (4)\Knygnesysxd\kokybes-analize\..\knygnesys-app\src\main\java\lt\prifkodas\knygnesys\stats\controller\StatsApi.java,lt.prifkodas.knygnesys.stats.controller.StatsApi,"getStats/5[lt.prifkodas.knygnesys.stats.controller.UserDetails,java.lang.String,java.lang.String,java.lang.String,java.lang.String]",false,23,9,0,0,0,1,0,1,0,0,5,0,0,0,0,0,0,0,6,0,0,0,0,0,0,0,14,0,0,false
C:\Users\edvar\Desktop\Naujas aplankas (4)\Knygnesysxd\kokybes-analize\..\knygnesys-app\src\main\java\lt\prifkodas\knygnesys\stats\controller\StatsApi.java,lt.prifkodas.knygnesys.stats.controller.StatsApi,"getPagesPerDay/4[lt.prifkodas.knygnesys.stats.controller.UserDetails,int,java.lang.String,java.lang.String]",false,37,9,0,0,0,1,0,1,0,0,4,0,0,0,0,0,0,0,7,0,0,0,0,0,0,0,16,0,0,false
C:\Users\edvar\Desktop\Naujas aplankas (4)\Knygnesysxd\kokybes-analize\..\knygnesys-app\src\main\java\lt\prifkodas\knygnesys\stats\controller\StatsApi.java,lt.prifkodas.knygnesys.stats.controller.StatsApi,getGenreStats/1[lt.prifkodas.knygnesys.stats.controller.UserDetails],false,50,8,0,0,0,1,0,1,0,0,1,0,0,0,0,0,0,0,6,0,0,0,0,0,0,0,10,0,0,false
C:\Users\edvar\Desktop\Naujas aplankas (4)\Knygnesysxd\kokybes-analize\..\knygnesys-app\src\main\java\lt\prifkodas\knygnesys\goal\controller\GoalApi.java,lt.prifkodas.knygnesys.goal.controller.GoalApi,"setGoal/2[lt.prifkodas.knygnesys.goal.controller.UserDetails,lt.prifkodas.knygnesys.goal.dto.SetGoalRequest]",false,35,10,0,0,0,1,0,1,0,0,2,0,0,0,0,0,0,0,7,0,0,0,0,0,0,0,12,0,0,false
C:\Users\edvar\Desktop\Naujas aplankas (4)\Knygnesysxd\kokybes-analize\..\knygnesys-app\src\main\java\lt\prifkodas\knygnesys\goal\controller\GoalApi.java,lt.prifkodas.knygnesys.goal.controller.GoalApi,getGoal/1[lt.prifkodas.knygnesys.goal.controller.UserDetails],false,18,8,0,0,0,1,0,1,0,0,1,0,0,0,0,0,0,0,5,0,0,0,0,0,0,0,8,0,0,false
C:\Users\edvar\Desktop\Naujas aplankas (4)\Knygnesysxd\kokybes-analize\..\knygnesys-app\src\main\java\lt\prifkodas\knygnesys\goal\controller\GoalApi.java,lt.prifkodas.knygnesys.goal.controller.GoalApi,getGoalByUserId/1[java.lang.Integer],false,26,7,0,0,0,1,0,1,0,0,1,0,0,0,0,0,0,0,8,0,0,0,0,0,0,0,12,0,0,false
C:\Users\edvar\Desktop\Naujas aplankas (4)\Knygnesysxd\kokybes-analize\..\knygnesys-app\src\main\java\lt\prifkodas\knygnesys\recommendation\service\RecommendationsService.java,lt.prifkodas.knygnesys.recommendation.service.RecommendationsService,getPopularRecommendations/1[int],false,23,2,1,1,0,3,16,9,2,3,1,16,0,0,0,2,0,0,4,2,3,0,1,0,0,0,13,1,0,false
C:\Users\edvar\Desktop\Naujas aplankas (4)\Knygnesysxd\kokybes-analize\..\knygnesys-app\src\main\java\lt\prifkodas\knygnesys\recommendation\service\RecommendationsService.java,lt.prifkodas.knygnesys.recommendation.service.RecommendationsService,toDto/1[lt.prifkodas.knygnesys.recommendation.dto.OpenLibraryBookDoc],false,48,2,1,0,1,4,6,11,1,2,1,6,0,0,0,2,0,0,3,1,4,1,1,0,0,0,14,2,0,false
C:\Users\edvar\Desktop\Naujas aplankas (4)\Knygnesysxd\kokybes-analize\..\knygnesys-app\src\main\java\lt\prifkodas\knygnesys\KnygnesysApplication.java,lt.prifkodas.knygnesys.KnygnesysApplication,main/1[java.lang.String[]],false,19,1,0,0,0,1,1,3,0,0,1,1,0,0,0,0,0,0,0,0,0,0,0,0,0,0,2,9,0,false
C:\Users\edvar\Desktop\Naujas aplankas (4)\Knygnesysxd\kokybes-analize\..\knygnesys-app\src\main\java\lt\prifkodas\knygnesys\KnygnesysApplication.java,lt.prifkodas.knygnesys.KnygnesysApplication,(initializer 1),false,15,0,0,0,0,1,2,3,0,0,0,2,0,0,0,0,0,0,1,0,0,0,0,0,0,0,0,8,0,false
C:\Users\edvar\Desktop\Naujas aplankas (4)\Knygnesysxd\kokybes-analize\..\knygnesys-app\src\main\java\lt\prifkodas\knygnesys\recommendation\controller\RecommendationsController.java,lt.prifkodas.knygnesys.recommendation.controller.RecommendationsController,getPopularRecommendations/1[int],false,24,5,1,0,1,1,2,3,1,0,1,2,0,0,0,0,0,0,2,0,0,0,0,0,0,0,6,1,0,false
C:\Users\edvar\Desktop\Naujas aplankas (4)\Knygnesysxd\kokybes-analize\..\knygnesys-app\src\main\java\lt\prifkodas\knygnesys\user\User.java,lt.prifkodas.knygnesys.user.User,onCreate/0,false,33,1,0,0,0,1,1,3,0,0,0,1,0,0,0,0,0,0,0,0,1,0,0,0,0,0,4,4,0,false
C:\Users\edvar\Desktop\Naujas aplankas (4)\Knygnesysxd\kokybes-analize\..\knygnesys-app\src\main\java\lt\prifkodas\knygnesys\shared\config\SecurityConfig.java,lt.prifkodas.knygnesys.shared.config.SecurityConfig,authenticationManager/1[lt.prifkodas.knygnesys.shared.config.AuthenticationConfiguration],false,52,3,0,0,0,1,1,3,1,0,1,1,0,0,0,0,0,0,0,0,0,0,0,0,0,0,6,1,0,false
C:\Users\edvar\Desktop\Naujas aplankas (4)\Knygnesysxd\kokybes-analize\..\knygnesys-app\src\main\java\lt\prifkodas\knygnesys\shared\config\SecurityConfig.java,lt.prifkodas.knygnesys.shared.config.SecurityConfig,filterChain/1[lt.prifkodas.knygnesys.shared.config.HttpSecurity],false,21,3,0,0,0,1,15,4,1,8,1,15,0,0,0,0,0,0,6,1,0,0,0,0,0,6,17,1,0,false
C:\Users\edvar\Desktop\Naujas aplankas (4)\Knygnesysxd\kokybes-analize\..\knygnesys-app\src\main\java\lt\prifkodas\knygnesys\shared\config\SecurityConfig.java,lt.prifkodas.knygnesys.shared.config.SecurityConfig,passwordEncoder/0,false,47,2,0,0,0,1,1,3,1,0,0,1,0,0,0,0,0,0,0,0,0,0,0,0,0,0,3,1,0,false
C:\Users\edvar\Desktop\Naujas aplankas (4)\Knygnesysxd\kokybes-analize\..\knygnesys-app\src\main\java\lt\prifkodas\knygnesys\shared\exception\GlobalExceptionHandler.java,lt.prifkodas.knygnesys.shared.exception.GlobalExceptionHandler,handleNotFound/1[lt.prifkodas.knygnesys.shared.exception.ResourceNotFoundException],false,12,3,0,0,0,1,3,3,1,0,1,3,0,0,0,0,0,0,0,0,0,0,0,0,0,0,6,1,0,false
C:\Users\edvar\Desktop\Naujas aplankas (4)\Knygnesysxd\kokybes-analize\..\knygnesys-app\src\main\java\lt\prifkodas\knygnesys\shared\exception\GlobalExceptionHandler.java,lt.prifkodas.knygnesys.shared.exception.GlobalExceptionHandler,handleBadRequest/1[java.lang.IllegalArgumentException],false,17,2,0,0,0,1,3,3,1,0,1,3,0,0,0,0,0,0,0,0,0,0,0,0,0,0,7,1,0,false
C:\Users\edvar\Desktop\Naujas aplankas (4)\Knygnesysxd\kokybes-analize\..\knygnesys-app\src\main\java\lt\prifkodas\knygnesys\shared\config\OpenApiConfig.java,lt.prifkodas.knygnesys.shared.config.OpenApiConfig,knygnesysOpenAPI/0,false,12,3,0,0,0,1,4,3,1,0,0,4,0,0,0,0,0,0,3,0,0,0,0,0,0,0,9,1,0,false
C:\Users\edvar\Desktop\Naujas aplankas (4)\Knygnesysxd\kokybes-analize\..\knygnesys-app\src\main\java\lt\prifkodas\knygnesys\shared\exception\ResourceNotFoundException.java,lt.prifkodas.knygnesys.shared.exception.ResourceNotFoundException,ResourceNotFoundException/1[java.lang.String],true,4,0,2,2,0,1,0,3,0,0,1,0,0,0,0,0,0,0,0,0,0,0,0,0,0,0,5,1,0,false
C:\Users\edvar\Desktop\Naujas aplankas (4)\Knygnesysxd\kokybes-analize\..\knygnesys-app\src\main\java\lt\prifkodas\knygnesys\stats\service\StatsService.java,lt.prifkodas.knygnesys.stats.service.StatsService,"filterByRange/3[java.util.List<lt.prifkodas.knygnesys.readinglist.ReadingList>,java.time.LocalDateTime,java.time.LocalDateTime]",false,172,1,1,1,0,3,7,3,1,1,3,7,0,0,0,2,0,2,0,0,0,0,0,0,0,1,7,2,0,false
C:\Users\edvar\Desktop\Naujas aplankas (4)\Knygnesysxd\kokybes-analize\..\knygnesys-app\src\main\java\lt\prifkodas\knygnesys\stats\service\StatsService.java,lt.prifkodas.knygnesys.stats.service.StatsService,"buildDataPointsForRange/4[java.util.List<lt.prifkodas.knygnesys.readinglist.ReadingList>,java.time.LocalDateTime,java.time.LocalDateTime,java.lang.String]",false,180,3,4,1,3,18,25,62,1,17,4,25,2,1,5,4,0,0,4,18,21,2,3,0,0,0,46,2,0,false
C:\Users\edvar\Desktop\Naujas aplankas (4)\Knygnesysxd\kokybes-analize\..\knygnesys-app\src\main\java\lt\prifkodas\knygnesys\stats\service\StatsService.java,lt.prifkodas.knygnesys.stats.service.StatsService,"toBucketKey/2[java.time.LocalDateTime,java.lang.String]",false,305,0,1,1,0,1,0,3,1,0,2,0,0,0,0,0,0,0,0,0,0,0,0,0,0,0,8,2,0,false
C:\Users\edvar\Desktop\Naujas aplankas (4)\Knygnesysxd\kokybes-analize\..\knygnesys-app\src\main\java\lt\prifkodas\knygnesys\stats\service\StatsService.java,lt.prifkodas.knygnesys.stats.service.StatsService,"getStats/5[java.lang.String,java.lang.String,java.lang.String,java.lang.String,java.lang.String]",false,37,8,9,1,8,6,16,24,2,12,5,16,5,3,0,3,0,0,6,6,12,1,2,0,0,0,37,1,0,false
C:\Users\edvar\Desktop\Naujas aplankas (4)\Knygnesysxd\kokybes-analize\..\knygnesys-app\src\main\java\lt\prifkodas\knygnesys\stats\service\StatsService.java,lt.prifkodas.knygnesys.stats.service.StatsService,"buildDataPoints/4[java.util.List<lt.prifkodas.knygnesys.readinglist.ReadingList>,java.time.LocalDateTime,java.time.LocalDateTime,java.lang.String]",false,258,3,3,1,2,13,19,44,1,13,4,19,1,1,4,4,0,0,3,14,15,2,3,0,0,0,37,2,0,false
C:\Users\edvar\Desktop\Naujas aplankas (4)\Knygnesysxd\kokybes-analize\..\knygnesys-app\src\main\java\lt\prifkodas\knygnesys\stats\service\StatsService.java,lt.prifkodas.knygnesys.stats.service.StatsService,"toGranularityBucketKey/2[java.time.LocalDateTime,java.lang.String]",false,243,0,1,1,0,1,0,3,1,0,2,0,0,0,0,0,0,0,0,0,0,0,0,0,0,0,9,2,0,false
C:\Users\edvar\Desktop\Naujas aplankas (4)\Knygnesysxd\kokybes-analize\..\knygnesys-app\src\main\java\lt\prifkodas\knygnesys\stats\service\StatsService.java,lt.prifkodas.knygnesys.stats.service.StatsService,weekLabel/1[java.time.LocalDate],false,253,0,1,1,0,1,1,3,1,0,1,1,0,0,0,0,0,0,0,0,0,0,0,0,0,0,15,2,0,false
C:\Users\edvar\Desktop\Naujas aplankas (4)\Knygnesysxd\kokybes-analize\..\knygnesys-app\src\main\java\lt\prifkodas\knygnesys\stats\service\StatsService.java,lt.prifkodas.knygnesys.stats.service.StatsService,buildSummary/1[java.util.List<lt.prifkodas.knygnesys.readinglist.ReadingList>],false,144,2,2,1,1,5,2,17,1,4,1,2,0,0,1,0,0,0,3,3,4,0,2,0,0,0,13,2,0,false
C:\Users\edvar\Desktop\Naujas aplankas (4)\Knygnesysxd\kokybes-analize\..\knygnesys-app\src\main\java\lt\prifkodas\knygnesys\stats\service\StatsService.java,lt.prifkodas.knygnesys.stats.service.StatsService,getGenreStats/1[java.lang.String],false,130,5,3,1,2,2,21,5,1,7,1,21,0,0,0,1,0,0,0,1,2,0,0,0,0,5,16,1,0,false
C:\Users\edvar\Desktop\Naujas aplankas (4)\Knygnesysxd\kokybes-analize\..\knygnesys-app\src\main\java\lt\prifkodas\knygnesys\stats\service\StatsService.java,lt.prifkodas.knygnesys.stats.service.StatsService,"getPagesPerDay/4[java.lang.String,int,java.lang.String,java.lang.String]",false,72,5,4,1,3,11,31,33,1,15,4,31,0,0,4,3,0,0,1,6,16,2,3,0,0,2,51,1,0,false
C:\Users\edvar\Desktop\Naujas aplankas (4)\Knygnesysxd\kokybes-analize\..\knygnesys-app\src\main\java\lt\prifkodas\knygnesys\stats\service\StatsService.java,lt.prifkodas.knygnesys.stats.service.StatsService,"calculateSince/2[java.time.LocalDateTime,java.lang.String]",false,161,0,1,1,0,1,0,3,1,0,2,0,0,0,0,0,0,0,0,0,0,0,0,0,0,0,7,2,0,false
C:\Users\edvar\Desktop\Naujas aplankas (4)\Knygnesysxd\kokybes-analize\..\knygnesys-app\src\main\java\lt\prifkodas\knygnesys\auth\service\AuthService.java,lt.prifkodas.knygnesys.auth.service.AuthService,register/1[lt.prifkodas.knygnesys.auth.dto.RegisterRequest],false,26,3,4,1,3,3,9,13,1,1,1,9,0,0,0,0,0,0,2,0,1,0,1,0,0,0,12,1,0,false
C:\Users\edvar\Desktop\Naujas aplankas (4)\Knygnesysxd\kokybes-analize\..\knygnesys-app\src\main\java\lt\prifkodas\knygnesys\auth\service\AuthService.java,lt.prifkodas.knygnesys.auth.service.AuthService,logout/0,false,62,0,1,1,0,1,3,4,0,0,0,3,0,0,0,0,0,0,0,0,0,0,0,0,0,0,2,1,0,false
C:\Users\edvar\Desktop\Naujas aplankas (4)\Knygnesysxd\kokybes-analize\..\knygnesys-app\src\main\java\lt\prifkodas\knygnesys\auth\service\AuthService.java,lt.prifkodas.knygnesys.auth.service.AuthService,login/1[lt.prifkodas.knygnesys.auth.dto.LoginRequest],false,42,7,2,1,1,1,10,8,1,2,1,10,0,0,0,0,0,0,1,0,2,0,0,0,0,1,17,1,0,false
C:\Users\edvar\Desktop\Naujas aplankas (4)\Knygnesysxd\kokybes-analize\..\knygnesys-app\src\main\java\lt\prifkodas\knygnesys\progress\repository\ReadingProgressRepository.java,lt.prifkodas.knygnesys.progress.repository.ReadingProgressRepository,"findByUserIdAndUpdatedAtAfter/2[java.lang.Integer,java.time.LocalDateTime]",false,10,1,1,1,0,1,0,1,0,0,2,0,0,0,0,0,0,0,0,0,0,0,0,0,0,0,10,0,0,false
C:\Users\edvar\Desktop\Naujas aplankas (4)\Knygnesysxd\kokybes-analize\..\knygnesys-app\src\main\java\lt\prifkodas\knygnesys\shared\config\UserDetailsServiceImpl.java,lt.prifkodas.knygnesys.shared.config.UserDetailsServiceImpl,loadUserByUsername/1[java.lang.String],false,20,6,1,0,1,1,5,4,1,1,1,5,0,0,0,0,0,0,1,0,1,1,0,0,0,1,10,1,0,false
C:\Users\edvar\Desktop\Naujas aplankas (4)\Knygnesysxd\kokybes-analize\..\knygnesys-app\src\main\java\lt\prifkodas\knygnesys\book\repository\BookRepository.java,lt.prifkodas.knygnesys.book.repository.BookRepository,findByOlId/1[java.lang.String],false,9,1,1,1,0,1,0,1,0,0,1,0,0,0,0,0,0,0,0,0,0,0,0,0,0,0,5,0,0,false
C:\Users\edvar\Desktop\Naujas aplankas (4)\Knygnesysxd\kokybes-analize\..\knygnesys-app\src\main\java\lt\prifkodas\knygnesys\goal\repository\GoalRepository.java,lt.prifkodas.knygnesys.goal.repository.GoalRepository,"findByUserIdAndYear/2[java.lang.Integer,java.lang.Short]",false,14,1,3,3,0,1,0,1,0,0,2,0,0,0,0,0,0,0,0,0,0,0,0,0,0,0,8,0,0,false
C:\Users\edvar\Desktop\Naujas aplankas (4)\Knygnesysxd\kokybes-analize\..\knygnesys-app\src\main\java\lt\prifkodas\knygnesys\goal\repository\GoalRepository.java,lt.prifkodas.knygnesys.goal.repository.GoalRepository,"findGoalsToNotify/2[java.lang.Short,java.time.LocalDateTime]",false,16,3,1,1,0,1,0,1,0,0,2,0,0,0,0,0,0,0,2,0,0,0,0,0,0,0,10,0,0,false
C:\Users\edvar\Desktop\Naujas aplankas (4)\Knygnesysxd\kokybes-analize\..\knygnesys-app\src\main\java\lt\prifkodas\knygnesys\user\service\UserService.java,lt.prifkodas.knygnesys.user.service.UserService,getPublicProfiles/0,false,32,2,1,0,1,1,1,3,1,0,0,1,0,0,0,0,0,0,0,0,0,0,0,0,0,0,3,1,0,false
C:\Users\edvar\Desktop\Naujas aplankas (4)\Knygnesysxd\kokybes-analize\..\knygnesys-app\src\main\java\lt\prifkodas\knygnesys\user\service\UserService.java,lt.prifkodas.knygnesys.user.service.UserService,create/1[lt.prifkodas.knygnesys.user.User],false,23,1,0,0,0,1,1,3,1,0,1,1,0,0,0,0,0,0,0,0,0,0,0,0,0,0,3,1,0,false
C:\Users\edvar\Desktop\Naujas aplankas (4)\Knygnesysxd\kokybes-analize\..\knygnesys-app\src\main\java\lt\prifkodas\knygnesys\user\service\UserService.java,lt.prifkodas.knygnesys.user.service.UserService,getById/1[java.lang.Integer],false,18,2,2,2,0,1,2,3,1,0,1,2,0,0,0,0,0,0,2,0,0,1,0,0,0,1,13,1,0,false
C:\Users\edvar\Desktop\Naujas aplankas (4)\Knygnesysxd\kokybes-analize\..\knygnesys-app\src\main\java\lt\prifkodas\knygnesys\user\service\UserService.java,lt.prifkodas.knygnesys.user.service.UserService,getByUsername/1[java.lang.String],false,27,3,15,13,2,1,2,3,1,0,1,2,0,0,0,0,0,0,2,0,0,1,0,0,0,1,9,1,0,false
C:\Users\edvar\Desktop\Naujas aplankas (4)\Knygnesysxd\kokybes-analize\..\knygnesys-app\src\main\java\lt\prifkodas\knygnesys\shared\config\CorsConfig.java,lt.prifkodas.knygnesys.shared.config.CorsConfig,corsConfigurationSource/0,false,13,4,0,0,0,1,5,10,1,2,0,5,0,0,0,0,0,0,4,0,2,0,0,0,0,0,9,1,0,false
C:\Users\edvar\Desktop\Naujas aplankas (4)\Knygnesysxd\kokybes-analize\..\knygnesys-app\src\main\java\lt\prifkodas\knygnesys\readinglist\controller\LibraryApi.java,lt.prifkodas.knygnesys.readinglist.controller.LibraryApi,getLibrary/1[lt.prifkodas.knygnesys.readinglist.controller.UserDetails],false,23,8,0,0,0,1,0,1,0,0,1,0,0,0,0,0,0,0,5,0,0,0,0,0,0,0,9,0,0,false
C:\Users\edvar\Desktop\Naujas aplankas (4)\Knygnesysxd\kokybes-analize\..\knygnesys-app\src\main\java\lt\prifkodas\knygnesys\readinglist\controller\LibraryApi.java,lt.prifkodas.knygnesys.readinglist.controller.LibraryApi,"updateProgress/3[lt.prifkodas.knygnesys.readinglist.controller.UserDetails,java.lang.Integer,lt.prifkodas.knygnesys.readinglist.dto.UpdateProgressRequest]",false,68,10,0,0,0,1,0,1,0,0,3,0,0,0,0,0,0,0,8,0,0,0,0,0,0,0,13,0,0,false
C:\Users\edvar\Desktop\Naujas aplankas (4)\Knygnesysxd\kokybes-analize\..\knygnesys-app\src\main\java\lt\prifkodas\knygnesys\readinglist\controller\LibraryApi.java,lt.prifkodas.knygnesys.readinglist.controller.LibraryApi,"uploadEpub/3[lt.prifkodas.knygnesys.readinglist.controller.UserDetails,java.lang.Integer,lt.prifkodas.knygnesys.readinglist.controller.MultipartFile]",false,43,10,0,0,0,1,0,1,0,0,3,0,0,0,0,0,0,0,9,0,0,0,0,0,0,0,19,0,0,false
C:\Users\edvar\Desktop\Naujas aplankas (4)\Knygnesysxd\kokybes-analize\..\knygnesys-app\src\main\java\lt\prifkodas\knygnesys\readinglist\controller\LibraryApi.java,lt.prifkodas.knygnesys.readinglist.controller.LibraryApi,"addBook/2[lt.prifkodas.knygnesys.readinglist.controller.UserDetails,lt.prifkodas.knygnesys.readinglist.dto.AddBookRequest]",false,31,10,0,0,0,1,0,1,0,0,2,0,0,0,0,0,0,0,7,0,0,0,0,0,0,0,11,0,0,false
C:\Users\edvar\Desktop\Naujas aplankas (4)\Knygnesysxd\kokybes-analize\..\knygnesys-app\src\main\java\lt\prifkodas\knygnesys\readinglist\controller\LibraryApi.java,lt.prifkodas.knygnesys.readinglist.controller.LibraryApi,"getEpub/2[lt.prifkodas.knygnesys.readinglist.controller.UserDetails,java.lang.Integer]",false,56,9,0,0,0,1,0,1,0,0,2,0,0,0,0,0,0,0,8,0,0,0,0,0,0,0,16,0,0,false
C:\Users\edvar\Desktop\Naujas aplankas (4)\Knygnesysxd\kokybes-analize\..\knygnesys-app\src\main\java\lt\prifkodas\knygnesys\readinglist\controller\LibraryApi.java,lt.prifkodas.knygnesys.readinglist.controller.LibraryApi,"removeBook/2[lt.prifkodas.knygnesys.readinglist.controller.UserDetails,java.lang.Integer]",false,94,8,0,0,0,1,0,1,0,0,2,0,0,0,0,0,0,0,8,0,0,0,0,0,0,0,12,0,0,false
C:\Users\edvar\Desktop\Naujas aplankas (4)\Knygnesysxd\kokybes-analize\..\knygnesys-app\src\main\java\lt\prifkodas\knygnesys\readinglist\controller\LibraryApi.java,lt.prifkodas.knygnesys.readinglist.controller.LibraryApi,"filterLibrary/4[lt.prifkodas.knygnesys.readinglist.controller.UserDetails,java.lang.String,java.lang.String,java.lang.Integer]",false,81,9,0,0,0,1,0,1,0,0,4,0,0,0,0,0,0,0,6,0,0,0,0,0,0,0,14,0,0,false
C:\Users\edvar\Desktop\Naujas aplankas (4)\Knygnesysxd\kokybes-analize\..\knygnesys-app\src\main\java\lt\prifkodas\knygnesys\readinglist\ReadingList.java,lt.prifkodas.knygnesys.readinglist.ReadingList,onCreate/0,false,43,1,0,0,0,1,1,3,0,0,0,1,0,0,0,0,0,0,0,0,1,0,0,0,0,0,4,4,0,false
C:\Users\edvar\Desktop\Naujas aplankas (4)\Knygnesysxd\kokybes-analize\..\knygnesys-app\src\main\java\lt\prifkodas\knygnesys\readinglist\controller\LibraryController.java,lt.prifkodas.knygnesys.readinglist.controller.LibraryController,"getEpub/2[lt.prifkodas.knygnesys.readinglist.controller.UserDetails,java.lang.Integer]",false,58,6,1,0,1,1,8,7,1,2,2,8,0,0,0,0,0,0,3,0,2,0,0,0,0,0,13,1,0,false
C:\Users\edvar\Desktop\Naujas aplankas (4)\Knygnesysxd\kokybes-analize\..\knygnesys-app\src\main\java\lt\prifkodas\knygnesys\readinglist\controller\LibraryController.java,lt.prifkodas.knygnesys.readinglist.controller.LibraryController,"addBook/2[lt.prifkodas.knygnesys.readinglist.controller.UserDetails,lt.prifkodas.knygnesys.readinglist.dto.AddBookRequest]",false,46,6,1,0,1,1,4,4,1,1,2,4,0,0,0,0,0,0,0,0,1,0,0,0,0,0,8,1,0,false
C:\Users\edvar\Desktop\Naujas aplankas (4)\Knygnesysxd\kokybes-analize\..\knygnesys-app\src\main\java\lt\prifkodas\knygnesys\readinglist\controller\LibraryController.java,lt.prifkodas.knygnesys.readinglist.controller.LibraryController,getLibrary/1[lt.prifkodas.knygnesys.readinglist.controller.UserDetails],false,27,5,1,0,1,1,3,3,1,0,1,3,0,0,0,0,0,0,0,0,0,0,0,0,0,0,5,1,0,false
C:\Users\edvar\Desktop\Naujas aplankas (4)\Knygnesysxd\kokybes-analize\..\knygnesys-app\src\main\java\lt\prifkodas\knygnesys\readinglist\controller\LibraryController.java,lt.prifkodas.knygnesys.readinglist.controller.LibraryController,"removeBook/2[lt.prifkodas.knygnesys.readinglist.controller.UserDetails,java.lang.Integer]",false,73,4,1,0,1,1,4,4,1,0,2,4,0,0,0,0,0,0,0,0,0,0,0,0,0,0,8,1,0,false
C:\Users\edvar\Desktop\Naujas aplankas (4)\Knygnesysxd\kokybes-analize\..\knygnesys-app\src\main\java\lt\prifkodas\knygnesys\readinglist\controller\LibraryController.java,lt.prifkodas.knygnesys.readinglist.controller.LibraryController,"filterLibrary/4[lt.prifkodas.knygnesys.readinglist.controller.UserDetails,java.lang.String,java.lang.String,java.lang.Integer]",false,36,5,1,0,1,1,3,3,1,0,4,3,0,0,0,0,0,0,0,0,0,0,0,0,0,0,5,1,0,false
C:\Users\edvar\Desktop\Naujas aplankas (4)\Knygnesysxd\kokybes-analize\..\knygnesys-app\src\main\java\lt\prifkodas\knygnesys\readinglist\controller\LibraryController.java,lt.prifkodas.knygnesys.readinglist.controller.LibraryController,"updateProgress/3[lt.prifkodas.knygnesys.readinglist.controller.UserDetails,java.lang.Integer,lt.prifkodas.knygnesys.readinglist.dto.UpdateProgressRequest]",false,67,5,1,0,1,1,5,4,1,0,3,5,0,0,0,0,0,0,0,0,0,0,0,0,0,0,5,1,0,false
C:\Users\edvar\Desktop\Naujas aplankas (4)\Knygnesysxd\kokybes-analize\..\knygnesys-app\src\main\java\lt\prifkodas\knygnesys\readinglist\controller\LibraryController.java,lt.prifkodas.knygnesys.readinglist.controller.LibraryController,"uploadEpub/3[lt.prifkodas.knygnesys.readinglist.controller.UserDetails,java.lang.Integer,lt.prifkodas.knygnesys.readinglist.controller.MultipartFile]",false,52,5,1,0,1,1,4,4,1,0,3,4,0,0,0,0,0,0,0,0,0,0,0,0,0,0,8,1,0,false
C:\Users\edvar\Desktop\Naujas aplankas (4)\Knygnesysxd\kokybes-analize\..\knygnesys-app\src\main\java\lt\prifkodas\knygnesys\stats\controller\StatsController.java,lt.prifkodas.knygnesys.stats.controller.StatsController,"getPagesPerDay/4[lt.prifkodas.knygnesys.stats.controller.UserDetails,int,java.lang.String,java.lang.String]",false,37,6,1,0,1,1,3,3,1,0,4,3,0,0,0,0,0,0,1,0,0,0,0,0,0,0,12,1,0,false
C:\Users\edvar\Desktop\Naujas aplankas (4)\Knygnesysxd\kokybes-analize\..\knygnesys-app\src\main\java\lt\prifkodas\knygnesys\stats\controller\StatsController.java,lt.prifkodas.knygnesys.stats.controller.StatsController,getGenreStats/1[lt.prifkodas.knygnesys.stats.controller.UserDetails],false,43,5,1,0,1,1,3,3,1,0,1,3,0,0,0,0,0,0,0,0,0,0,0,0,0,0,6,1,0,false
C:\Users\edvar\Desktop\Naujas aplankas (4)\Knygnesysxd\kokybes-analize\..\knygnesys-app\src\main\java\lt\prifkodas\knygnesys\stats\controller\StatsController.java,lt.prifkodas.knygnesys.stats.controller.StatsController,"getStats/5[lt.prifkodas.knygnesys.stats.controller.UserDetails,java.lang.String,java.lang.String,java.lang.String,java.lang.String]",false,28,6,1,0,1,1,3,3,1,0,5,3,0,0,0,0,0,0,1,0,0,0,0,0,0,0,10,1,0,false
C:\Users\edvar\Desktop\Naujas aplankas (4)\Knygnesysxd\kokybes-analize\..\knygnesys-app\src\main\java\lt\prifkodas\knygnesys\goal\controller\GoalController.java,lt.prifkodas.knygnesys.goal.controller.GoalController,getGoalByUserId/1[java.lang.Integer],false,24,3,1,0,1,1,2,3,1,0,1,2,0,0,0,0,0,0,0,0,0,0,0,0,0,0,7,1,0,false
C:\Users\edvar\Desktop\Naujas aplankas (4)\Knygnesysxd\kokybes-analize\..\knygnesys-app\src\main\java\lt\prifkodas\knygnesys\goal\controller\GoalController.java,lt.prifkodas.knygnesys.goal.controller.GoalController,getGoal/1[lt.prifkodas.knygnesys.goal.controller.UserDetails],false,19,5,1,0,1,1,3,3,1,0,1,3,0,0,0,0,0,0,0,0,0,0,0,0,0,0,5,1,0,false
C:\Users\edvar\Desktop\Naujas aplankas (4)\Knygnesysxd\kokybes-analize\..\knygnesys-app\src\main\java\lt\prifkodas\knygnesys\goal\controller\GoalController.java,lt.prifkodas.knygnesys.goal.controller.GoalController,"setGoal/2[lt.prifkodas.knygnesys.goal.controller.UserDetails,lt.prifkodas.knygnesys.goal.dto.SetGoalRequest]",false,29,6,1,0,1,1,3,3,1,0,2,3,0,0,0,0,0,0,0,0,0,0,0,0,0,0,5,1,0,false
C:\Users\edvar\Desktop\Naujas aplankas (4)\Knygnesysxd\kokybes-analize\..\knygnesys-app\src\main\java\lt\prifkodas\knygnesys\goal\service\GoalService.java,lt.prifkodas.knygnesys.goal.service.GoalService,getGoal/1[java.lang.String],false,24,4,4,1,3,1,8,5,1,3,1,8,0,0,0,0,0,0,0,2,2,0,0,0,0,1,10,1,0,false
C:\Users\edvar\Desktop\Naujas aplankas (4)\Knygnesysxd\kokybes-analize\..\knygnesys-app\src\main\java\lt\prifkodas\knygnesys\goal\service\GoalService.java,lt.prifkodas.knygnesys.goal.service.GoalService,getGoalByUserId/1[java.lang.Integer],false,50,4,5,1,4,1,7,5,1,2,1,7,1,1,0,0,0,0,0,2,1,0,0,0,0,1,12,1,0,false
C:\Users\edvar\Desktop\Naujas aplankas (4)\Knygnesysxd\kokybes-analize\..\knygnesys-app\src\main\java\lt\prifkodas\knygnesys\goal\service\GoalService.java,lt.prifkodas.knygnesys.goal.service.GoalService,"buildResponse/3[lt.prifkodas.knygnesys.goal.Goal,java.lang.Integer,short]",false,58,3,4,2,2,1,4,7,1,4,3,4,0,0,0,0,0,0,0,11,4,3,0,0,0,0,12,2,0,false
C:\Users\edvar\Desktop\Naujas aplankas (4)\Knygnesysxd\kokybes-analize\..\knygnesys-app\src\main\java\lt\prifkodas\knygnesys\goal\service\GoalService.java,lt.prifkodas.knygnesys.goal.service.GoalService,"setGoal/2[java.lang.String,lt.prifkodas.knygnesys.goal.dto.SetGoalRequest]",false,32,7,4,1,3,3,12,17,2,4,2,12,1,1,0,1,0,0,1,1,4,0,1,0,0,1,18,1,0,false
C:\Users\edvar\Desktop\Naujas aplankas (4)\Knygnesysxd\kokybes-analize\..\knygnesys-app\src\main\java\lt\prifkodas\knygnesys\readinglist\repository\ReadingListRepository.java,lt.prifkodas.knygnesys.readinglist.repository.ReadingListRepository,"findByUserIdWithFilters/4[java.lang.Integer,java.lang.String,java.lang.String,java.lang.Integer]",false,21,3,1,1,0,1,0,1,0,0,4,0,0,0,0,0,0,0,4,0,0,0,0,0,0,0,9,0,0,false
C:\Users\edvar\Desktop\Naujas aplankas (4)\Knygnesysxd\kokybes-analize\..\knygnesys-app\src\main\java\lt\prifkodas\knygnesys\readinglist\repository\ReadingListRepository.java,lt.prifkodas.knygnesys.readinglist.repository.ReadingListRepository,"findByIdAndUserId/2[java.lang.Integer,java.lang.Integer]",false,15,1,4,4,0,1,0,1,0,0,2,0,0,0,0,0,0,0,0,0,0,0,0,0,0,0,7,0,0,false
C:\Users\edvar\Desktop\Naujas aplankas (4)\Knygnesysxd\kokybes-analize\..\knygnesys-app\src\main\java\lt\prifkodas\knygnesys\readinglist\repository\ReadingListRepository.java,lt.prifkodas.knygnesys.readinglist.repository.ReadingListRepository,findAllByUserId/1[java.lang.Integer],false,13,1,3,3,0,1,0,1,0,0,1,0,0,0,0,0,0,0,0,0,0,0,0,0,0,0,7,0,0,false
C:\Users\edvar\Desktop\Naujas aplankas (4)\Knygnesysxd\kokybes-analize\..\knygnesys-app\src\main\java\lt\prifkodas\knygnesys\readinglist\repository\ReadingListRepository.java,lt.prifkodas.knygnesys.readinglist.repository.ReadingListRepository,"findByUserIdAndAddedAtAfter/2[java.lang.Integer,java.time.LocalDateTime]",false,16,1,0,0,0,1,0,1,0,0,2,0,0,0,0,0,0,0,0,0,0,0,0,0,0,0,10,0,0,false
C:\Users\edvar\Desktop\Naujas aplankas (4)\Knygnesysxd\kokybes-analize\..\knygnesys-app\src\main\java\lt\prifkodas\knygnesys\readinglist\repository\ReadingListRepository.java,lt.prifkodas.knygnesys.readinglist.repository.ReadingListRepository,"countFinishedByUserIdAndYear/3[java.lang.Integer,java.time.LocalDateTime,java.time.LocalDateTime]",false,18,2,1,1,0,1,0,1,0,0,3,0,0,0,0,0,0,0,4,0,0,0,0,0,0,0,28,0,0,false
C:\Users\edvar\Desktop\Naujas aplankas (4)\Knygnesysxd\kokybes-analize\..\knygnesys-app\src\main\java\lt\prifkodas\knygnesys\readinglist\repository\ReadingListRepository.java,lt.prifkodas.knygnesys.readinglist.repository.ReadingListRepository,"findByUserIdAndBookId/2[java.lang.Integer,java.lang.Integer]",false,14,1,1,1,0,1,0,1,0,0,2,0,0,0,0,0,0,0,0,0,0,0,0,0,0,0,8,0,0,false
C:\Users\edvar\Desktop\Naujas aplankas (4)\Knygnesysxd\kokybes-analize\..\knygnesys-app\src\main\java\lt\prifkodas\knygnesys\readinglist\service\LibraryService.java,lt.prifkodas.knygnesys.readinglist.service.LibraryService,"addBook/2[java.lang.String,lt.prifkodas.knygnesys.readinglist.dto.AddBookRequest]",false,39,10,6,1,5,2,24,23,2,5,2,24,1,1,0,1,0,0,2,0,4,0,1,0,0,2,21,1,0,false
C:\Users\edvar\Desktop\Naujas aplankas (4)\Knygnesysxd\kokybes-analize\..\knygnesys-app\src\main\java\lt\prifkodas\knygnesys\readinglist\service\LibraryService.java,lt.prifkodas.knygnesys.readinglist.service.LibraryService,"uploadEpub/3[java.lang.String,java.lang.Integer,lt.prifkodas.knygnesys.readinglist.service.MultipartFile]",false,86,6,3,1,2,2,16,14,0,5,3,16,0,0,0,1,0,0,2,0,5,1,1,0,0,1,21,1,0,false
C:\Users\edvar\Desktop\Naujas aplankas (4)\Knygnesysxd\kokybes-analize\..\knygnesys-app\src\main\java\lt\prifkodas\knygnesys\readinglist\service\LibraryService.java,lt.prifkodas.knygnesys.readinglist.service.LibraryService,toDto/1[lt.prifkodas.knygnesys.readinglist.ReadingList],false,146,2,2,1,1,4,12,3,1,0,1,12,0,0,0,3,0,0,0,1,0,0,0,0,0,0,8,2,0,false
C:\Users\edvar\Desktop\Naujas aplankas (4)\Knygnesysxd\kokybes-analize\..\knygnesys-app\src\main\java\lt\prifkodas\knygnesys\readinglist\service\LibraryService.java,lt.prifkodas.knygnesys.readinglist.service.LibraryService,getLibrary/1[java.lang.String],false,65,4,3,1,2,1,6,4,1,1,1,6,0,0,0,0,0,0,0,0,1,0,0,0,0,0,5,1,0,false
C:\Users\edvar\Desktop\Naujas aplankas (4)\Knygnesysxd\kokybes-analize\..\knygnesys-app\src\main\java\lt\prifkodas\knygnesys\readinglist\service\LibraryService.java,lt.prifkodas.knygnesys.readinglist.service.LibraryService,"getEpub/2[java.lang.String,java.lang.Integer]",false,106,6,4,1,3,2,7,8,1,2,2,7,0,0,0,1,0,0,2,0,2,0,1,0,0,1,18,1,0,false
C:\Users\edvar\Desktop\Naujas aplankas (4)\Knygnesysxd\kokybes-analize\..\knygnesys-app\src\main\java\lt\prifkodas\knygnesys\readinglist\service\LibraryService.java,lt.prifkodas.knygnesys.readinglist.service.LibraryService,"removeBook/2[java.lang.String,java.lang.Integer]",false,118,5,3,1,2,2,8,8,0,2,2,8,0,0,0,1,0,0,1,0,2,0,1,0,0,1,17,1,0,false
C:\Users\edvar\Desktop\Naujas aplankas (4)\Knygnesysxd\kokybes-analize\..\knygnesys-app\src\main\java\lt\prifkodas\knygnesys\readinglist\service\LibraryService.java,lt.prifkodas.knygnesys.readinglist.service.LibraryService,"filterLibrary/4[java.lang.String,java.lang.String,java.lang.String,java.lang.Integer]",false,73,4,3,1,2,5,7,4,1,1,4,7,0,0,0,3,0,0,0,1,1,0,0,0,0,0,7,1,0,false
C:\Users\edvar\Desktop\Naujas aplankas (4)\Knygnesysxd\kokybes-analize\..\knygnesys-app\src\main\java\lt\prifkodas\knygnesys\readinglist\service\LibraryService.java,lt.prifkodas.knygnesys.readinglist.service.LibraryService,"updateProgress/3[java.lang.String,java.lang.Integer,int]",false,130,6,4,1,3,5,13,15,0,3,3,13,0,0,0,1,0,0,4,1,3,0,1,0,0,1,18,1,0,false
C:\Users\edvar\Desktop\Naujas aplankas (4)\Knygnesysxd\kokybes-analize\..\knygnesys-app\src\main\java\lt\prifkodas\knygnesys\auth\controller\AuthController.java,lt.prifkodas.knygnesys.auth.controller.AuthController,login/1[lt.prifkodas.knygnesys.auth.dto.LoginRequest],false,28,5,2,0,2,1,5,4,1,1,1,5,0,0,0,0,0,0,0,0,1,0,0,0,0,0,8,1,0,false
C:\Users\edvar\Desktop\Naujas aplankas (4)\Knygnesysxd\kokybes-analize\..\knygnesys-app\src\main\java\lt\prifkodas\knygnesys\auth\controller\AuthController.java,lt.prifkodas.knygnesys.auth.controller.AuthController,register/1[lt.prifkodas.knygnesys.auth.dto.RegisterRequest],false,20,5,2,0,2,1,6,4,1,1,1,6,0,0,0,0,0,0,0,0,1,0,0,0,0,0,8,1,0,false
C:\Users\edvar\Desktop\Naujas aplankas (4)\Knygnesysxd\kokybes-analize\..\knygnesys-app\src\main\java\lt\prifkodas\knygnesys\auth\controller\AuthController.java,lt.prifkodas.knygnesys.auth.controller.AuthController,logout/0,false,35,2,1,0,1,1,3,4,1,0,0,3,0,0,0,0,0,0,0,0,0,0,0,0,0,0,1,1,0,false
C:\Users\edvar\Desktop\Naujas aplankas (4)\Knygnesysxd\kokybes-analize\..\knygnesys-app\src\main\java\lt\prifkodas\knygnesys\auth\controller\AuthApi.java,lt.prifkodas.knygnesys.auth.controller.AuthApi,login/1[lt.prifkodas.knygnesys.auth.dto.LoginRequest],false,27,8,0,0,0,1,0,1,0,0,1,0,0,0,0,0,0,0,9,0,0,0,0,0,0,0,12,0,0,false
C:\Users\edvar\Desktop\Naujas aplankas (4)\Knygnesysxd\kokybes-analize\..\knygnesys-app\src\main\java\lt\prifkodas\knygnesys\auth\controller\AuthApi.java,lt.prifkodas.knygnesys.auth.controller.AuthApi,register/1[lt.prifkodas.knygnesys.auth.dto.RegisterRequest],false,19,8,0,0,0,1,0,1,0,0,1,0,0,0,0,0,0,0,7,0,0,0,0,0,0,0,11,0,0,false
C:\Users\edvar\Desktop\Naujas aplankas (4)\Knygnesysxd\kokybes-analize\..\knygnesys-app\src\main\java\lt\prifkodas\knygnesys\auth\controller\AuthApi.java,lt.prifkodas.knygnesys.auth.controller.AuthApi,logout/0,false,36,4,0,0,0,1,0,1,0,0,0,0,0,0,0,0,0,0,5,0,0,0,0,0,0,0,5,0,0,false
C:\Users\edvar\Desktop\Naujas aplankas (4)\Knygnesysxd\kokybes-analize\..\knygnesys-app\src\main\java\lt\prifkodas\knygnesys\goal\service\InactivitySchedulerService.java,lt.prifkodas.knygnesys.goal.service.InactivitySchedulerService,checkInactivityAndNotify/0,false,26,6,3,0,3,3,17,18,0,4,0,17,0,0,1,0,1,0,4,1,4,0,2,0,0,0,23,1,3,false
C:\Users\edvar\Desktop\Naujas aplankas (4)\Knygnesysxd\kokybes-analize\..\knygnesys-app\src\main\java\lt\prifkodas\knygnesys\user\controller\UserController.java,lt.prifkodas.knygnesys.user.controller.UserController,getMe/1[lt.prifkodas.knygnesys.user.controller.UserDetails],false,19,6,2,0,2,2,7,7,2,1,1,7,0,0,0,1,0,0,0,1,1,0,1,0,0,0,8,1,0,false
C:\Users\edvar\Desktop\Naujas aplankas (4)\Knygnesysxd\kokybes-analize\..\knygnesys-app\src\main\java\lt\prifkodas\knygnesys\progress\ReadingProgress.java,lt.prifkodas.knygnesys.progress.ReadingProgress,onCreate/0,false,38,1,0,0,0,1,1,3,0,0,0,1,0,0,0,0,0,0,0,0,1,0,0,0,0,0,4,4,0,false
C:\Users\edvar\Desktop\Naujas aplankas (4)\Knygnesysxd\kokybes-analize\..\knygnesys-app\src\main\java\lt\prifkodas\knygnesys\progress\ReadingProgress.java,lt.prifkodas.knygnesys.progress.ReadingProgress,"ReadingProgress/3[java.lang.Integer,java.lang.Integer,java.lang.Integer]",true,31,0,1,1,0,1,0,5,0,0,3,0,0,0,0,0,0,0,0,0,3,0,0,0,0,0,8,1,0,false
C:\Users\edvar\Desktop\Naujas aplankas (4)\Knygnesysxd\kokybes-analize\..\knygnesys-app\src\main\java\lt\prifkodas\knygnesys\user\controller\UserApi.java,lt.prifkodas.knygnesys.user.controller.UserApi,getMe/1[lt.prifkodas.knygnesys.user.controller.UserDetails],false,18,8,0,0,0,1,0,1,0,0,1,0,0,0,0,0,0,0,7,0,0,0,0,0,0,0,11,0,0,false
C:\Users\edvar\Desktop\Naujas aplankas (4)\Knygnesysxd\kokybes-analize\..\knygnesys-app\src\main\java\lt\prifkodas\knygnesys\goal\service\EmailService.java,lt.prifkodas.knygnesys.goal.service.EmailService,buildEmailText/1[java.lang.String],false,22,0,1,1,0,1,1,3,1,0,1,1,0,0,0,0,0,0,0,0,0,0,0,0,0,0,4,2,0,false
C:\Users\edvar\Desktop\Naujas aplankas (4)\Knygnesysxd\kokybes-analize\..\knygnesys-app\src\main\java\lt\prifkodas\knygnesys\goal\service\EmailService.java,lt.prifkodas.knygnesys.goal.service.EmailService,"sendInactivityReminder/2[java.lang.String,java.lang.String]",false,14,2,2,1,1,1,5,7,0,1,2,5,1,1,0,0,0,0,1,0,1,0,0,0,0,0,14,1,0,false
C:\Users\edvar\Desktop\Naujas aplankas (4)\Knygnesysxd\kokybes-analize\..\knygnesys-app\src\main\java\lt\prifkodas\knygnesys\user\repository\UserRepository.java,lt.prifkodas.knygnesys.user.repository.UserRepository,findAllByIsPublicTrue/0,false,20,1,1,1,0,1,0,1,0,0,0,0,0,0,0,0,0,0,0,0,0,0,0,0,0,0,6,0,0,false
C:\Users\edvar\Desktop\Naujas aplankas (4)\Knygnesysxd\kokybes-analize\..\knygnesys-app\src\main\java\lt\prifkodas\knygnesys\user\repository\UserRepository.java,lt.prifkodas.knygnesys.user.repository.UserRepository,findByEmail/1[java.lang.String],false,12,1,0,0,0,1,0,1,0,0,1,0,0,0,0,0,0,0,0,0,0,0,0,0,0,0,4,0,0,false
C:\Users\edvar\Desktop\Naujas aplankas (4)\Knygnesysxd\kokybes-analize\..\knygnesys-app\src\main\java\lt\prifkodas\knygnesys\user\repository\UserRepository.java,lt.prifkodas.knygnesys.user.repository.UserRepository,findByUsername/1[java.lang.String],false,14,1,3,3,0,1,0,1,0,0,1,0,0,0,0,0,0,0,0,0,0,0,0,0,0,0,4,0,0,false
C:\Users\edvar\Desktop\Naujas aplankas (4)\Knygnesysxd\kokybes-analize\..\knygnesys-app\src\main\java\lt\prifkodas\knygnesys\user\repository\UserRepository.java,lt.prifkodas.knygnesys.user.repository.UserRepository,existsByEmail/1[java.lang.String],false,16,0,1,1,0,1,0,1,0,0,1,0,0,0,0,0,0,0,0,0,0,0,0,0,0,0,4,0,0,false
C:\Users\edvar\Desktop\Naujas aplankas (4)\Knygnesysxd\kokybes-analize\..\knygnesys-app\src\main\java\lt\prifkodas\knygnesys\user\repository\UserRepository.java,lt.prifkodas.knygnesys.user.repository.UserRepository,existsByUsername/1[java.lang.String],false,18,0,1,1,0,1,0,1,0,0,1,0,0,0,0,0,0,0,0,0,0,0,0,0,0,0,4,0,0,false
